topic,keywords,answer
Campus location,campus location;where is nemsu;where is the campus;nemsu location;where is tandag main campus,"NEMSU Tandag Main Campus is in Tandag City, Surigao del Sur, Philippines."
Campus gates,gate;gates,"There are three main gates. The 1st Gate is near the CBM departments, the 2nd Gate is not far from the CBM area (the 1st Canteen is near it), and the 3rd Gate is near the ICT/CITE area."
1st Gate,1st gate;first gate;gate 1,The 1st Gate is near the CBM departments.
2nd Gate,2nd gate;second gate;gate 2,The 2nd Gate is not far from the CBM area. The 1st Canteen is near this gate.
3rd Gate,3rd gate;third gate;gate 3;gate+cite;gate+ict,The 3rd Gate is near the ICT/CITE area.
Gate near CBM,gate+cbm,"The 1st Gate is near the CBM departments, and the 2nd Gate is not far from the CBM area."
Canteens,canteen;canteens,The campus has two canteens. The 1st Canteen is near the 2nd Gate and the CBM area. The 2nd Canteen is near the Library and CAS.
1st Canteen,1st canteen;first canteen;canteen+cbm;canteen+gate,The 1st Canteen is near the 2nd Gate and the CBM area.
2nd Canteen,2nd canteen;second canteen;canteen+library;canteen+cas,The 2nd Canteen is near the Library and CAS.
Library,library;librarian,The Library is near CAS and the 2nd Canteen.
CAS,cas;college of arts and sciences,"CAS (College of Arts and Sciences) is near the Library and the 2nd Canteen. Programs include Political Science, Biology, Midwifery, BS Mathematics, Environmental Science, English Language and Filipino."
CBM,cbm;college of business and management,"CBM (College of Business and Management) is near the 1st Gate and relatively near the 2nd Gate. Programs include Hospitality Management, Financial Management, Marketing Management and Public Administration."
CITE / ICT,cite;ict;ict area;college of information technology education;bscs;computer science,"CITE (College of Information Technology Education) is in the ICT area, near the 3rd Gate. It includes the Bachelor of Science in Computer Science (BSCS)."
College of Teacher Education,beed;teacher education;elementary education,The campus has the Bachelor of Elementary Education (BEEd) under the College of Teacher Education.
NEMSU campuses,campuses;nemsu campuses;list of campuses;how many campuses;other campuses;campus list;extension campus;nemsu branches;branches,"NEMSU has seven main campuses in Surigao del Sur plus one extension campus: Tandag (Main), Bislig, Cantilan, Tagbina, Lianga, San Miguel, Cagwait, and the Marihatag Extension Campus in Marihatag. Ask me where any of them is."
Bislig Campus,bislig;bislig campus;nemsu bislig;bislig+nemsu+where is;bislig+campus+where is,"NEMSU Bislig Campus is a NEMSU campus in Bislig City, Surigao del Sur. Map: https://www.google.com/maps?q=8.2474349,126.2751908"
Cantilan Campus,cantilan;cantilan campus;nemsu cantilan;cantilan+nemsu+where is;cantilan+campus+where is,"NEMSU Cantilan Campus is a NEMSU campus in Cantilan, Surigao del Sur. Map: https://www.google.com/maps?q=9.3373033,125.9707638"
Tagbina Campus,tagbina;tagbina campus;nemsu tagbina;tagbina+nemsu+where is;tagbina+campus+where is,"NEMSU Tagbina Campus is a NEMSU campus in Tagbina, Surigao del Sur. Map: https://www.google.com/maps?q=8.4523092,126.164603"
Lianga Campus,lianga;lianga campus;nemsu lianga;lianga+nemsu+where is;lianga+campus+where is,"NEMSU Lianga Campus is a NEMSU campus in Lianga, Surigao del Sur. Map: https://www.google.com/maps?q=8.6339419,126.0936177"
San Miguel Campus,san miguel;san miguel campus;nemsu san miguel;san miguel+nemsu+where is;san miguel+campus+where is,"NEMSU San Miguel Campus is a NEMSU campus in San Miguel, Surigao del Sur. Map: https://www.google.com/maps?q=8.9653061,125.9600723"
Cagwait Campus,cagwait;cagwait campus;nemsu cagwait;cagwait+nemsu+where is;cagwait+campus+where is,"NEMSU Cagwait Campus is a NEMSU campus in Cagwait, Surigao del Sur. Map: https://www.google.com/maps?q=8.9152674,126.3006748"
Marihatag Extension Campus,marihatag;marihatag campus;nemsu marihatag;marihatag+nemsu+where is;marihatag+campus+where is,"NEMSU Marihatag Extension Campus is an extension campus of NEMSU in Marihatag, Surigao del Sur. Map: https://www.google.com/maps?q=8.8021993,126.293691"